{"PWF/TN":1491,"micro/precision":0.8108108108108109,"mse/RNF":0.0019955337432615637,"Machine failure/FN":41,"TWF/TP":0,"RNF/FN":3,"PWF/TP":7,"_timestamp":1.7580565403736162e+09,"mse/PWF":0.002136439059086519,"TWF/TN":1494,"mse/TWF":0.004177160614534824,"TWF/FP":0,"HDF/TP":7,"Mode Failure Accuracy":0.9653564290473018,"accuracy/RNF":0.9980013324450366,"_runtime":0,"_step":20,"OSF/FN":9,"accuracy/HDF":0.9920053297801465,"mse/Machine failure":0.023368781872865903,"Machine failure/TP":9,"OSF/TN":1484,"micro/f1":0.425531914893617,"TWF/FN":7,"OSF/TP":7,"Machine failure/FP":5,"mse/HDF":0.005444537208446027,"accuracy/TWF":0.9953364423717521,"mse/overall":0.006880641488538429,"accuracy/OSF":0.9933377748167888,"RNF/TP":0,"Machine failure/TN":1446,"PWF/FP":0,"HDF/FN":11,"micro/recall":0.28846153846153844,"_wandb":{"runtime":0},"RNF/FP":0,"HDF/TN":1482,"mse/OSF":0.004161396433035761,"PWF/FN":3,"RNF/TN":1498,"accuracy/Machine failure":0.9693537641572285,"accuracy/PWF":0.9980013324450366,"OSF/FP":1,"HDF/FP":1}